app_name,category,benchmark_role,package_id,rating,review_count_display,downloads_display,app_updated_on,source_url
Allo Bank,Digital banks,Own Bank,com.alloapp.yump,3.2,69.2K,10M+,2026-08-30,https://play.google.com/store/apps/details?id=com.alloapp.yump&hl=id
Jago,Digital banks,Competitor,com.jago.digitalBanking,4.5,276K,10M+,2026-09-10,https://play.google.com/store/apps/details?id=com.jago.digitalBanking&hl=id
SeaBank,Digital banks,Competitor,id.co.bankbkemobile.digitalbank,5.0,3.81M,50M+,2026-07-30,https://play.google.com/store/apps/details?id=id.co.bankbkemobile.digitalbank&hl=id
blu by BCA Digital,Digital banks,Competitor,com.bcadigital.blu,4.2,136K,5M+,,https://play.google.com/store/apps/details?id=com.bcadigital.blu&hl=id
neobank dari BNC Digital,Digital banks,Competitor,com.bnc.finance,4.1,364K,10M+,2026-08-09,https://play.google.com/store/apps/details?id=com.bnc.finance&hl=id
Aladin : Bank Syariah Digital,Digital banks,Competitor,id.aladinbank.mobile,4.0,43.6K,5M+,,https://play.google.com/store/apps/details?id=id.aladinbank.mobile&hl=id
Superbank,Digital banks,Competitor,id.co.bankfama.android,4.2,78.2K,5M+,2026-07-31,https://play.google.com/store/apps/details?id=id.co.bankfama.android&hl=id
Krom - Bank Digital,Digital banks,Competitor,com.krom.android,4.9,57.8K,1M+,2026-08-10,https://play.google.com/store/apps/details?id=com.krom.android&hl=id
hi by hibank,Digital banks,Competitor,com.hibank.mobile,4.6,5.38K,100K+,,https://play.google.com/store/apps/details?id=com.hibank.mobile&hl=id
Raya - Digital Bank,Digital banks,Competitor,id.co.bankraya.apps,4.3,11.8K,1M+,,https://play.google.com/store/apps/details?id=id.co.bankraya.apps&hl=id
MotionBank,Digital banks,Competitor,com.mnc.mbanking,3.1,12.3K,1M+,,https://play.google.com/store/apps/details?id=com.mnc.mbanking&hl=id
myBCA: BCA Banking Apps,Conventional banks,Competitor,com.bca.mybca.omni.android,3.5,102K,10M+,,https://play.google.com/store/apps/details?id=com.bca.mybca.omni.android&hl=id
BCA mobile,Conventional banks,Competitor,com.bca,3.4,1.38M,50M+,2026-08-04,https://play.google.com/store/apps/details?id=com.bca&hl=id
Livin' by Mandiri,Conventional banks,Competitor,id.bmri.livin,3.6,729K,50M+,,https://play.google.com/store/apps/details?id=id.bmri.livin&hl=id
BRImo,Conventional banks,Competitor,id.co.bri.brimo,4.7,2.23M,50M+,,https://play.google.com/store/apps/details?id=id.co.bri.brimo&hl=id
wondr by BNI,Conventional banks,Competitor,id.bni.wondr,4.9,1.30M,10M+,,https://play.google.com/store/apps/details?id=id.bni.wondr&hl=id
OCTO by CIMB Niaga,Conventional banks,Competitor,id.co.cimbniaga.mobile.android,4.4,357K,10M+,,https://play.google.com/store/apps/details?id=id.co.cimbniaga.mobile.android&hl=id
Permata ME,Conventional banks,Competitor,net.myinfosys.PermataMobileX,2.5,145K,5M+,,https://play.google.com/store/apps/details?id=net.myinfosys.PermataMobileX&hl=id
D-Bank PRO,Conventional banks,Competitor,com.dbank.mobile,3.7,27.6K,1M+,,https://play.google.com/store/apps/details?id=com.dbank.mobile&hl=id
OCBC mobile Indonesia,Conventional banks,Competitor,com.ocbcnisp.onemobileapp,3.6,50.3K,1M+,,https://play.google.com/store/apps/details?id=com.ocbcnisp.onemobileapp&hl=id
"GoPay: Transfer, Bayar, QRIS",Non-bank competitors,Competitor,com.gojek.gopay,4.7,1.94M,100M+,2026-08-05,https://play.google.com/store/apps/details?id=com.gojek.gopay&hl=id
OVO,Non-bank competitors,Competitor,ovo.id,3.5,1.20M,50M+,2026-09-07,https://play.google.com/store/apps/details?id=ovo.id&hl=id
DANA Dompet Digital Indonesia,Non-bank competitors,Competitor,id.dana,4.7,10.6M,100M+,2026-08-10,https://play.google.com/store/apps/details?id=id.dana&hl=id
Shopee Indonesia,Non-bank competitors,Competitor,com.shopee.id,4.7,18.6M,100M+,2026-08-08,https://play.google.com/store/apps/details?id=com.shopee.id&hl=id
LinkAja / LinkAja Syariah,Non-bank competitors,Competitor,com.telkom.mwallet,3.8,822K,10M+,2026-09-01,https://play.google.com/store/apps/details?id=com.telkom.mwallet&hl=id
