app_name,benchmark_role,package_id,reviewer_name,review_date,score,helpful_votes,review_summary,source_url
Allo Bank,Own Bank,com.alloapp.yump,Julia Wijaya,2026-07-26,,5,User reports QRIS/account-number issues and says the app was poor versus other modern banks.,https://play.google.com/store/apps/details?id=com.alloapp.yump&hl=id
Allo Bank,Own Bank,com.alloapp.yump,Tim Birkett,2026-06-06,,1,"Likes free transfers but criticizes UI, top-up errors and customer service.",https://play.google.com/store/apps/details?id=com.alloapp.yump&hl=id
Allo Bank,Own Bank,com.alloapp.yump,Aryaziddan 7,2026-04-22,,5,"Reports poor UX/state handling, biometric login non-response, OTP delays and heavy loading.",https://play.google.com/store/apps/details?id=com.alloapp.yump&hl=id
Jago,Competitor,com.jago.digitalBanking,Ghoy Muhammad,2026-09-05,,1,"Praises the simple, premium-looking interface, physical/digital cards and investment ecosystem integration.",https://play.google.com/store/apps/details?id=com.jago.digitalBanking&hl=id
SeaBank,Competitor,id.co.bankbkemobile.digitalbank,isikode[ XWE5TVG52 ]dpt 2jt plus 2OOk,2026-08-05,,1,Positive-leaning review but reports slow loading and difficulty opening when the connection is weak or unstable.,https://play.google.com/store/apps/details?id=id.co.bankbkemobile.digitalbank&hl=id
neobank dari BNC Digital,Competitor,com.bnc.finance,Hen Tri,2026-07-24,,,"Very positive, simply saying the app is very good.",https://play.google.com/store/apps/details?id=com.bnc.finance&hl=id
neobank dari BNC Digital,Competitor,com.bnc.finance,Fadli Ahmad,2026-06-03,,,"Positive review describing the app as fast, easy and practical.",https://play.google.com/store/apps/details?id=com.bnc.finance&hl=id
neobank dari BNC Digital,Competitor,com.bnc.finance,Sony Jos,2026-01-10,,,Brief positive review expressing approval of the app.,https://play.google.com/store/apps/details?id=com.bnc.finance&hl=id
Aladin : Bank Syariah Digital,Competitor,id.aladinbank.mobile,Rahmat Syabirin,2026-08-02,,,"Likes the simple UI, uncluttered home, and customizable savings pockets.",https://play.google.com/store/apps/details?id=id.aladinbank.mobile&hl=id
Superbank,Competitor,id.co.bankfama.android,black cat,2026-08-03,,1,Recommends the app but reports slow loading/opening during poor or unstable connectivity.,https://play.google.com/store/apps/details?id=id.co.bankfama.android&hl=id
Superbank,Competitor,id.co.bankfama.android,Tata Maulana,2026-07-29,,2,"Praises ease of use, smooth registration/transactions, interest-bearing OVO balance, promos and free transfers.",https://play.google.com/store/apps/details?id=id.co.bankfama.android&hl=id
Superbank,Competitor,id.co.bankfama.android,aryaa arya,2026-08-04,,,"Highlights frequent cashback, QRIS/merchant/Grab/OVO promotions and free transfers.",https://play.google.com/store/apps/details?id=id.co.bankfama.android&hl=id
Krom - Bank Digital,Competitor,com.krom.android,Isi Reffnya:{{ NANIAF86 }},2026-08-05,,1,"Generally positive and says transactions work, but notes very slow loading/opening during unstable internet.",https://play.google.com/store/apps/details?id=com.krom.android&hl=id
Krom - Bank Digital,Competitor,com.krom.android,Isi Reff〖 DEDIJ93B 〗dpt Jutaan,2026-08-05,,,"Positive on affordability and app experience, with the same connectivity/loading complaint.",https://play.google.com/store/apps/details?id=com.krom.android&hl=id
Krom - Bank Digital,Competitor,com.krom.android,Isi Reff〖 ARIOASTE 〗dpt Jutaan,2026-08-05,,,"Positive overall, with a repeated complaint about slow loading when connectivity is poor.",https://play.google.com/store/apps/details?id=com.krom.android&hl=id
blu by BCA Digital,Competitor,com.bcadigital.blu,Suci Clip,2026-08-08,,,Positive/neutral on app operation but reports loading difficulty when the connection is poor or unstable.,https://play.google.com/store/apps/details?id=com.bcadigital.blu&hl=id
myBCA: BCA Banking Apps,Competitor,com.bca.mybca.omni.android,Awkarin 89,2026-08-08,,,Public review surfaced; full text was visible in the page extraction but is not reproduced here.,https://play.google.com/store/apps/details?id=com.bca.mybca.omni.android&hl=id
BCA mobile,Competitor,com.bca,Alan Aji,2026-08-07,,1,Reports slow/failing QR and transfer transactions despite good network connectivity and recurring system-disruption messages.,https://play.google.com/store/apps/details?id=com.bca&hl=id
Livin' by Mandiri,Competitor,id.bmri.livin,Suci Clip,2026-08-08,,,Public review surfaced; full text was visible in the page extraction but is not reproduced here.,https://play.google.com/store/apps/details?id=id.bmri.livin&hl=id
BRImo,Competitor,id.co.bri.brimo,Pak'ne Keenan,2026-08-05,,,Public review surfaced; full text was visible in the page extraction but is not reproduced here.,https://play.google.com/store/apps/details?id=id.co.bri.brimo&hl=id
wondr by BNI,Competitor,id.bni.wondr,Juansen Panjaitan,2026-08-02,,,Public review surfaced; full text was visible in the page extraction but is not reproduced here.,https://play.google.com/store/apps/details?id=id.bni.wondr&hl=id
OCTO by CIMB Niaga,Competitor,id.co.cimbniaga.mobile.android,Alun Kurosaki,2026-08-05,,,Public review surfaced; full text was visible in the page extraction but is not reproduced here.,https://play.google.com/store/apps/details?id=id.co.cimbniaga.mobile.android&hl=id
Permata ME,Competitor,net.myinfosys.PermataMobileX,Saleh Ale,2026-08-05,,,Public review surfaced; full text was visible in the page extraction but is not reproduced here.,https://play.google.com/store/apps/details?id=net.myinfosys.PermataMobileX&hl=id
D-Bank PRO,Competitor,com.dbank.mobile,Nur Wakit,2026-08-06,,,Reports app error/unusable behavior for a new user and asks management to fix it.,https://play.google.com/store/apps/details?id=com.dbank.mobile&hl=id
OCBC mobile Indonesia,Competitor,com.ocbcnisp.onemobileapp,Feri Angga II,2026-07-17,,,Public review surfaced; full text was visible in the page extraction but is not reproduced here.,https://play.google.com/store/apps/details?id=com.ocbcnisp.onemobileapp&hl=id
"GoPay: Transfer, Bayar, QRIS",Competitor,com.gojek.gopay,Muhamad Alwan sholeh,2026-07-28,,5,Reports a top-up for bill payment not arriving despite successful debit and a technical issue during complaint handling.,https://play.google.com/store/apps/details?id=com.gojek.gopay&hl=id
OVO,Competitor,ovo.id,Yang penting Heppy,2026-07-08,,24,"After logging in again after a factory reset, user reports failed transactions and inaccessible topped-up balance.",https://play.google.com/store/apps/details?id=ovo.id&hl=id
DANA Dompet Digital Indonesia,Competitor,id.dana,Muhammad daffa Alfarizi,2026-08-01,,1,Reports verified/premium account still blocked from wallet/bank transfers and receives incorrect network-verification errors.,https://play.google.com/store/apps/details?id=id.dana&hl=id
Shopee Indonesia,Competitor,com.shopee.id,Afiza,2026-08-08,,,Likes product/merchant experience but criticizes intrusive or misleading ads.,https://play.google.com/store/apps/details?id=com.shopee.id&hl=id
